URL,Last crawled
https://www.advmdshahalam.me/divorce-lawyer-uttara,2026-07-24
https://www.advmdshahalam.me/land-property-lawyer-uttara,2026-07-08
https://www.advmdshahalam.me/bn/posts/khatian-check-online-bangladesh-2026,2026-07-07
https://www.advmdshahalam.me/en/posts/namjari-tracking-status-check-bangladesh-2026,2026-07-07
https://www.advmdshahalam.me/en/posts/land-registration-fee-bangladesh-2026,2026-07-07
https://www.advmdshahalam.me/en/posts/khatian-check-online-bangladesh-complete-guide-2026,2026-07-07
https://www.advmdshahalam.me/tax-vat-lawyer-dhaka,2026-06-26
https://www.advmdshahalam.me/services/corporate-lawyer,2026-06-25
https://advmdshahalam.me/tax-vat-lawyer-dhaka,2026-06-23
https://www.advmdshahalam.me/services/property-lawyer,2026-06-23
https://www.advmdshahalam.me/blog/buying-land-dhaka-legal-guide,2026-06-08
https://advmdshahalam.me/bn/education,2026-06-02
https://www.advmdshahalam.me/bn/faq,2026-06-02
https://www.advmdshahalam.me/bail-lawyer-dhaka,2026-06-02
https://www.advmdshahalam.me/faq,2026-05-29
https://advmdshahalam.me/bn,2026-05-19
https://www.advmdshahalam.me/bn,2026-05-17
https://advmdshahalam.me/terms,2026-05-17
https://advmdshahalam.me/bn/services/property-lawyer,2026-05-16
https://advmdshahalam.me/blog/gd-vs-fir-bangladesh,2026-05-05
https://www.advmdshahalam.me/bn/about,2026-04-12