from,to,status,cluster
/bn/blog/court-marriage-niyom-khoroch-bangladesh,/bn/blog/court-marriage-kagojpatra-complete-guide-2026,301,"Court Marriage"
/bn/blog/court-marriage-total-khoroch-prokriya-bangladesh-2026,/bn/blog/court-marriage-kagojpatra-complete-guide-2026,301,"Court Marriage"
/bn/blog/court-marriage-kagojpatra-niyom-bd,/bn/blog/court-marriage-kagojpatra-complete-guide-2026,301,"Court Marriage"
/bn/blog/court-marriage-khoroch-vua-kazi-sotorkota-2026-bn,/bn/blog/court-marriage-kagojpatra-complete-guide-2026,301,"Court Marriage"
/bn/blog/court-marriage-procedure-bangladesh-bn,/bn/blog/court-marriage-kagojpatra-complete-guide-2026,301,"Court Marriage"
/bn/blog/court-marriage-kagoj-patro-sarkari-khoroch-2026,/bn/blog/court-marriage-kagojpatra-complete-guide-2026,301,"Court Marriage"
/bn/blog/court-marriage-process-cost-bangladesh-2026,/bn/blog/court-marriage-kagojpatra-complete-guide-2026,301,"Court Marriage"
/bn/blog/court-marriage-khoroch-niyom-papers-bangladesh-2026,/bn/blog/court-marriage-kagojpatra-complete-guide-2026,301,"Court Marriage"
/bn/blog/jomi-kharij-e-namjari-niyom-khoroch-2026,/bn/blog/jomi-kharij-namjari-khoroch-niyom-2026-bn,301,"Mutation & Namjari"
/bn/blog/e-namjari-tracking-mutation-check-prokriya-bangladesh-2026,/bn/blog/jomi-kharij-namjari-khoroch-niyom-2026-bn,301,"Mutation & Namjari"
/bn/blog/e-namjari-tracking-online-check-bd,/bn/blog/jomi-kharij-namjari-khoroch-niyom-2026-bn,301,"Mutation & Namjari"
/bn/blog/flat-namjari-mutation-acland-niyom-2026-bn,/bn/blog/jomi-kharij-namjari-khoroch-niyom-2026-bn,301,"Mutation & Namjari"
/bn/blog/namjari-khatian-check-online-prokriya-bangladesh,/bn/blog/jomi-kharij-namjari-khoroch-niyom-2026-bn,301,"Mutation & Namjari"
/bn/blog/online-mutation-check-bangladesh-2026-bn,/bn/blog/jomi-kharij-namjari-khoroch-niyom-2026-bn,301,"Mutation & Namjari"
/bn/blog/land-mutation-check-online-2026,/bn/blog/jomi-kharij-namjari-khoroch-niyom-2026-bn,301,"Mutation & Namjari"
/bn/blog/miss-case-namjari-batil-prokriya-ac-land-2026-bn,/bn/blog/jomi-kharij-namjari-khoroch-niyom-2026-bn,301,"Mutation & Namjari"
/bn/blog/heba-bil-ewaz-dalil-batil-mamla-prokriya-2026-bn,/bn/blog/heba-dalil-khoroch-o-heba-bil-ewaz-parthokko-2026,301,"Heba & Heba-bil-Ewaz"
/bn/blog/heba-bil-ewaz-dalil-khoroch-2026,/bn/blog/heba-dalil-khoroch-o-heba-bil-ewaz-parthokko-2026,301,"Heba & Heba-bil-Ewaz"
/bn/blog/heba-bil-ewaz-dalil-ki-shadharon-heba-parthokko-batil,/bn/blog/heba-dalil-khoroch-o-heba-bil-ewaz-parthokko-2026,301,"Heba & Heba-bil-Ewaz"
/bn/blog/heba-bil-ewaz-dalil-batil-korar-niyom-2026,/bn/blog/heba-dalil-khoroch-o-heba-bil-ewaz-parthokko-2026,301,"Heba & Heba-bil-Ewaz"
/bn/blog/heba-bil-ewaz-dalil-ki-batil-niyom-2026,/bn/blog/heba-dalil-khoroch-o-heba-bil-ewaz-parthokko-2026,301,"Heba & Heba-bil-Ewaz"
/bn/blog/heba-danpatra-ain-bangladesh,/bn/blog/heba-dalil-khoroch-o-heba-bil-ewaz-parthokko-2026,301,"Heba & Heba-bil-Ewaz"
/bn/blog/flat-apartment-registration-fee-bangladesh,/bn/blog/jomi-registry-khoroch-sarkaree-fee-bd,301,"Land Registration Cost"
/bn/blog/jomi-nibondhon-kharch-bangladesh-2026,/bn/blog/jomi-registry-khoroch-sarkaree-fee-bd,301,"Land Registration Cost"
/bn/blog/jomi-registry-sub-registry-office-gopon-khoroch-dalal-syndicate,/bn/blog/jomi-registry-khoroch-sarkaree-fee-bd,301,"Land Registration Cost"
/bn/blog/jomi-registry-motel-khoroch-hisab-2026,/bn/blog/jomi-registry-khoroch-sarkaree-fee-bd,301,"Land Registration Cost"
/bn/blog/jomi-registration-bangladesh-bn,/bn/blog/jomi-registry-khoroch-sarkaree-fee-bd,301,"Land Registration Cost"
/bn/blog/bail-bond-ki-jamin-bond-rules-bangladesh-2026,/bn/blog/agam-jamin-haikort-khoroch-2026,301,"Bail & High Court Bail"
/bn/blog/asami-jamin-batil-crpc-497-2026-bn,/bn/blog/agam-jamin-haikort-khoroch-2026,301,"Bail & High Court Bail"
/bn/blog/bail-er-jonno-ki-ki-lagbe-bangladesh,/bn/blog/agam-jamin-haikort-khoroch-2026,301,"Bail & High Court Bail"
/bn/blog/jamin-batil-hobar-karon-crpc-cancellation-of-bail,/bn/blog/agam-jamin-haikort-khoroch-2026,301,"Bail & High Court Bail"
/bn/blog/faujdari-mamlay-jaminer-niyom-khoroch-2026-bn,/bn/blog/agam-jamin-haikort-khoroch-2026,301,"Bail & High Court Bail"
/bn/blog/how-to-get-bail-bangladesh-2026-bn,/bn/blog/agam-jamin-haikort-khoroch-2026,301,"Bail & High Court Bail"
/bn/blog/high-court-agham-jamin-khoroch-niyom-2026-bn,/bn/blog/agam-jamin-haikort-khoroch-2026,301,"Bail & High Court Bail"
