Top pages,Clicks,Impressions,CTR,Position
https://www.advmdshahalam.me/blog/rs-khatian-online-check-bangladesh-2026,9,166,5.42%,6.73
https://www.advmdshahalam.me/blog/land-registration-cost-fees-calculator-bangladesh-2026,7,218,3.21%,5.17
https://www.advmdshahalam.me/blog/namjari-online-check-land-record-bangladesh,7,108,6.48%,6.65
https://www.advmdshahalam.me/blog/cyber-crime-helpline-bangladesh-2026,6,256,2.34%,7.07
https://www.advmdshahalam.me/bn/blog/sampatti-uttoradhikar-ain-2026-bn,6,121,4.96%,5.69
https://www.advmdshahalam.me/blog/land-record-check-online-bangladesh-2026,5,175,2.86%,7.61
https://www.advmdshahalam.me/blog/cid-cyber-crime-unit-bangladesh-2026,5,98,5.1%,5.72
https://www.advmdshahalam.me/blog/online-cyber-crime-report-portal-bangladesh-2026,5,42,11.9%,8.79
https://www.advmdshahalam.me/blog/e-namjari-online-check-bangladesh-2026,4,401,1%,7.24
https://www.advmdshahalam.me/bn/blog/jomi-nibandhon-fee-2026-bn,4,128,3.12%,7.63
https://www.advmdshahalam.me/blog/bangladesh-cyber-crime-complaint-portal-guide-2026,4,78,5.13%,7.67
https://www.advmdshahalam.me/bn/blog/talak-name-prokriya-bangladesh-bn,4,59,6.78%,7.14
https://www.advmdshahalam.me/blog/heba-gift-deed-law-bangladesh,3,75,4%,4.77
https://www.advmdshahalam.me/blog/divorce-cost-bangladesh,3,28,10.71%,3.79
https://www.advmdshahalam.me/bn/blog/madak-mamlar-jamin-prokriya-bangladesh-2026,3,17,17.65%,3.47
https://www.advmdshahalam.me/blog/khatian-check-online-bangladesh-complete-guide-2026,3,8,37.5%,9.5
https://www.advmdshahalam.me/blog/eporcha-land-record-bangladesh-guide,2,96,2.08%,5.97
https://www.advmdshahalam.me/bn/blog/nabalok-sampatti-bikroy-court-permission-bangladesh,2,18,11.11%,6.89
https://www.advmdshahalam.me/blog/cyber-crime-complaint-bangladesh,1,132,0.76%,8.48
https://www.advmdshahalam.me/blog/divorce-procedure-bangladesh,1,125,0.8%,9.95
https://www.advmdshahalam.me/bn/blog/court-marriage-khoroch-niyom-papers-bangladesh-2026,1,68,1.47%,5.6
https://www.advmdshahalam.me/blog/how-to-register-land-bangladesh,1,64,1.56%,8.45
https://www.advmdshahalam.me/bn/blog/rit-petition-ki-haikort-prokriya-khoroch-bangladesh,1,39,2.56%,7
https://www.advmdshahalam.me/bn/blog/criminal-appeal-procedure-bangladesh-bn,1,34,2.94%,6.32
https://www.advmdshahalam.me/blog/how-to-cancel-false-fir-quashment-high-court-bangladesh,1,33,3.03%,7.42
https://www.advmdshahalam.me/blog/power-of-attorney-land-transfer-bangladesh,1,24,4.17%,10.62
https://www.advmdshahalam.me/bn/blog/police-remand-rights-bangladesh-bn,1,21,4.76%,5.86
https://www.advmdshahalam.me/blog/artha-rin-adalat-loan-recovery-bangladesh,1,20,5%,5.95
https://www.advmdshahalam.me/bn/blog/online-pratarana-mamla-bangladesh,1,19,5.26%,6.74
https://www.advmdshahalam.me/blog/guardianship-law-bangladesh,1,16,6.25%,3.81
https://www.advmdshahalam.me/bn/blog/chek-dishonour-138-ni-act-taka-adai-prokriya-2026-bn,1,15,6.67%,5.8
https://www.advmdshahalam.me/blog/affidavit-bangladesh-types-process,1,13,7.69%,14.38
https://www.advmdshahalam.me/blog/family-law-bangladesh-complete-guide,1,11,9.09%,21.27
https://www.advmdshahalam.me/blog/bangladesh-land-record-by-name-online-2026,1,10,10%,2.7
https://www.advmdshahalam.me/blog/bail-cancellation-bangladesh,1,10,10%,13.5
https://www.advmdshahalam.me/contact,1,9,11.11%,3.11
https://www.advmdshahalam.me/bn/blog/bandhak-ain-bangladesh,1,9,11.11%,5.44
https://www.advmdshahalam.me/advocate-md-shah-alam,1,8,12.5%,4.62
https://www.advmdshahalam.me/bn/blog/baba-sampatti-vantan-ain-bangladesh-2026,1,7,14.29%,8.29
https://www.advmdshahalam.me/bn/blog/mithya-fir-kharej-bangladesh-bn,1,6,16.67%,5
https://www.advmdshahalam.me/bn/blog/dompotti-jomi-vai-bager-niyom,1,6,16.67%,9.17
https://www.advmdshahalam.me/blog/online-harassment-cyberstalking-law-bangladesh,1,5,20%,4.6
https://www.advmdshahalam.me/blog/income-tax-case-procedure-bangladesh,1,4,25%,15
https://www.advmdshahalam.me/bn/blog/jomi-kena-becha-niyom-bangladesh,1,3,33.33%,7
https://www.advmdshahalam.me/blog/online-fraud-cheating-case-bangladesh,1,3,33.33%,10.33
https://www.advmdshahalam.me/bn/blog/vet-ain-compliance-bangladesh,1,2,50%,2
https://www.advmdshahalam.me/bn/blog/cyber-crime-lawyer-neben-bangladesh,1,2,50%,3
https://www.advmdshahalam.me/bn/blog/khatian-bhul-songshodhon-miss-case-bangladesh,1,2,50%,10
https://www.advmdshahalam.me/blog/how-to-start-foreign-company-100-percent-fdi-bangladesh-2026,1,1,100%,14
https://www.advmdshahalam.me/blog/property-inheritance-distribution-bangladesh-2026,0,418,0%,7.04
https://www.advmdshahalam.me/blog/husband-second-marriage-wife-rights-bangladesh,0,159,0%,8.37
https://www.advmdshahalam.me/blog/how-to-file-gd-bangladesh-police-station,0,102,0%,6.95
https://www.advmdshahalam.me/blog/mutation-process-bangladesh,0,74,0%,5.55
https://www.advmdshahalam.me/bn/blog/e-namjari-tracking-mutation-check-prokriya-bangladesh-2026,0,72,0%,8.5
https://www.advmdshahalam.me/blog/court-marriage-procedure-bangladesh,0,59,0%,10.34
https://www.advmdshahalam.me/blog/flat-apartment-purchase-legal-checklist-bangladesh,0,58,0%,14.09
https://www.advmdshahalam.me/bn/blog/mayer-sampatti-vibhajan-ain-bangladesh-2026,0,52,0%,5.75
https://www.advmdshahalam.me/bn/blog/heba-bil-ewaz-dalil-batil-niyom-bangladesh,0,49,0%,7.63
https://www.advmdshahalam.me/blog/child-adoption-law-bangladesh,0,44,0%,7.61
https://www.advmdshahalam.me/blog/divorce-procedure-for-nrb-probasi-bangladesh-2026,0,38,0%,6.63
https://www.advmdshahalam.me/blog/court-marriage-bangladesh-complete-guide-2026,0,37,0%,5.3
https://www.advmdshahalam.me/bn/blog/bail-er-jonno-ki-ki-lagbe-bangladesh,0,37,0%,6.7
https://www.advmdshahalam.me/bn/blog/batwara-dalil-khoroch-mamla-niyom-bangladesh,0,35,0%,6.23
https://www.advmdshahalam.me/blog/dowry-law-bangladesh,0,33,0%,3.76
https://www.advmdshahalam.me/blog/how-to-stop-false-criminal-case-bangladesh,0,33,0%,6.21
https://www.advmdshahalam.me/blog/challenge-court-order-revision-review-bangladesh,0,29,0%,7.9
https://www.advmdshahalam.me/blog/criminal-appeal-procedure-bangladesh,0,29,0%,9.66
https://www.advmdshahalam.me/blog/inheritance-law-bangladesh-legal-guide,0,28,0%,6.14
https://www.advmdshahalam.me/blog/vat-law-compliance-bangladesh,0,28,0%,8.54
https://www.advmdshahalam.me/bn/blog/rit-petition-bangladesh-bn,0,28,0%,8.54
https://www.advmdshahalam.me/blog/wife-rights-after-divorce-bangladesh,0,27,0%,4.78
https://www.advmdshahalam.me/blog/khul-divorce-wife-rights-bangladesh,0,26,0%,9.19
https://www.advmdshahalam.me/bn/blog/narcotics-case-law-bangladesh-bn,0,24,0%,7.5
https://www.advmdshahalam.me/blog/mobile-banking-fraud-legal-action-bangladesh,0,23,0%,7.04
https://www.advmdshahalam.me/blog/khas-land-claim-bangladesh,0,23,0%,8.26
https://www.advmdshahalam.me/bn/blog/cheque-dishonour-bangladesh-bn,0,22,0%,6.09
https://www.advmdshahalam.me/blog/consumer-rights-law-bangladesh,0,22,0%,9.18
https://www.advmdshahalam.me/blog/polygamy-law-bangladesh-second-marriage,0,22,0%,19.36
https://www.advmdshahalam.me/blog/court-marriage-bangladesh-2026,0,19,0%,7.42
https://www.advmdshahalam.me/blog/cyber-crime-bangladesh-laws-penalties-2026,0,19,0%,7.89
https://www.advmdshahalam.me/blog/child-custody-law-bangladesh,0,19,0%,8.05
https://www.advmdshahalam.me/blog/land-dispute-legal-remedies-bangladesh,0,19,0%,8.05
https://www.advmdshahalam.me/blog,0,18,0%,8.5
https://www.advmdshahalam.me/blog/stay-order-bangladesh-court,0,18,0%,9.67
https://www.advmdshahalam.me/blog/cyber-crime-digital-security-act-bangladesh,0,18,0%,15.5
https://www.advmdshahalam.me/blog/cyber-crime-unit-bangladesh-complaint-2026,0,17,0%,4.76
https://www.advmdshahalam.me/bn/blog/cheque-dishonour-case-138-ni-act-prokriya-bangladesh,0,17,0%,5.76
https://www.advmdshahalam.me/bn/blog/mithya-nari-nirjaton-mamla-protirodh-defense-2026-bn,0,17,0%,6.12
https://www.advmdshahalam.me/bn/blog/high-court-agham-jamin-bangladesh-bn,0,17,0%,7.18
https://www.advmdshahalam.me/blog/court-marriage-interfaith-special-marriage-act-bangladesh-2026,0,17,0%,7.94
https://www.advmdshahalam.me/blog/bail-rejection-reasons-bangladesh,0,16,0%,4.44
https://www.advmdshahalam.me/blog/property-partition-suit-lawsuit-procedure-bangladesh-2026,0,15,0%,4.27
https://www.advmdshahalam.me/bn/blog/talaknama-lekhari-niyom-fee-prokriya-bangladesh-2026,0,15,0%,4.47
https://www.advmdshahalam.me/blog/how-to-get-succession-certificate-bank-property-bangladesh,0,15,0%,4.73
https://www.advmdshahalam.me/bn/blog/inheritance-law-bangladesh-bn,0,15,0%,8
https://www.advmdshahalam.me/bn/blog/uttaradhikar-certificate-bank-taka-prokriya-bangladesh,0,14,0%,7.86
https://www.advmdshahalam.me/blog/cheque-dishonour-case-law-bangladesh,0,14,0%,8.64
https://www.advmdshahalam.me/bn/blog/bhumi-oporadh-ain-2026-jomi-dakhol-vuya-dalil-protikar-bn,0,13,0%,4.62
https://www.advmdshahalam.me/bn/blog/khas-jomi-chenar-upay-bondobasto-niyom-bangladesh,0,13,0%,6.77
https://www.advmdshahalam.me/bn/blog/paona-taka-aday-ortho-jari-mamla-bangladesh,0,13,0%,6.77
https://www.advmdshahalam.me/bn/blog/power-of-attorney-nibondhon-batil-niyom-bangladesh,0,13,0%,7.54
https://www.advmdshahalam.me/en,0,13,0%,11.08
https://www.advmdshahalam.me/blog/divorce-alimony-maintenance-wife-bangladesh,0,12,0%,2.25
https://www.advmdshahalam.me/bn/blog/denmohor-khorposh-aday-family-court-bangladesh,0,12,0%,5.33
https://www.advmdshahalam.me/bn/blog/bandhak-jomi-ain-bangladesh-bn,0,12,0%,6.83
https://www.advmdshahalam.me/blog/cyberbullying-blackmail-police-cyber-crime-unit-bangladesh-2026,0,12,0%,7.5
https://www.advmdshahalam.me/blog/child-marriage-law-bangladesh,0,12,0%,8.42
https://www.advmdshahalam.me/blog/tenant-landlord-dispute-bangladesh,0,11,0%,2.73
https://www.advmdshahalam.me/,0,11,0%,3.45
https://www.advmdshahalam.me/bn/blog/obhivaboktwo-ain-bangladesh,0,11,0%,4.82
https://www.advmdshahalam.me/bn/blog/police-complaint-hoirani-bn,0,11,0%,5.36
https://www.advmdshahalam.me/bn/blog/haikort-agham-jamin-prokriya-2026-bn,0,11,0%,5.82
https://www.advmdshahalam.me/blog/land-fraud-prevention-bangladesh,0,11,0%,6.82
https://www.advmdshahalam.me/blog/workplace-harassment-wrongful-termination-labour-law-bangladesh-2026,0,11,0%,7.73
https://www.advmdshahalam.me/blog/father-property-distribution-law-bangladesh-2026,0,11,0%,8.27
https://www.advmdshahalam.me/blog/writ-petition-high-court-bangladesh,0,11,0%,14.73
https://www.advmdshahalam.me/bn/blog/facebook-manhani-mamla-bangladesh,0,10,0%,5.8
https://www.advmdshahalam.me/blog/facebook-defamation-case-bangladesh,0,10,0%,6.8
https://www.advmdshahalam.me/blog/cyber-blackmail-sextortion-bangladesh,0,9,0%,3.33
https://www.advmdshahalam.me/bn/blog/kabinnama-denmohor-nari-odhikar-bangladesh-2026-bn,0,9,0%,5.22
https://www.advmdshahalam.me/blog/how-to-get-bail-in-bangladesh,0,9,0%,6.67
https://www.advmdshahalam.me/blog/how-to-file-divorce-court-bangladesh-2026,0,9,0%,6.78
https://www.advmdshahalam.me/bn/blog/trademark-brand-logo-registration-bangladesh,0,9,0%,9.22
https://www.advmdshahalam.me/blog/bail-cost-criminal-case-bangladesh,0,9,0%,11.78
https://www.advmdshahalam.me/bn/blog/thana-jidi-korar-niyom-bangladesh-bn,0,9,0%,12.89
https://www.advmdshahalam.me/blog/partition-suit-property-bangladesh,0,8,0%,4.5
https://www.advmdshahalam.me/bn/blog/adalat-adesh-challenge-revision-bangladesh,0,8,0%,7.12
https://www.advmdshahalam.me/blog/138-ni-act-bangladesh-cheque-case-guide,0,8,0%,13.75
https://www.advmdshahalam.me/services/divorce-lawyer,0,8,0%,19.62
https://www.advmdshahalam.me/privacy-policy,0,7,0%,2.86
https://www.advmdshahalam.me/blog/murder-case-defence-bangladesh,0,7,0%,3.86
https://www.advmdshahalam.me/bn/blog/court-marriage-bangla-niyom,0,7,0%,4.57
https://www.advmdshahalam.me/bn/blog/cyber-blackmail-fake-id-complaint-niyom-bangladesh,0,7,0%,4.57
https://www.advmdshahalam.me/blog/hacking-unauthorized-computer-access-bangladesh,0,7,0%,5.43
https://www.advmdshahalam.me/bn/blog/jomi-bedakhol-dokhol-punoruddhar-mamla-bangladesh,0,7,0%,5.43
https://www.advmdshahalam.me/blog/nid-correction-legal-process-bangladesh,0,7,0%,6.29
https://www.advmdshahalam.me/bn/blog/will-osiyotnama-lekhari-niyom-bangladesh,0,7,0%,6.29
https://www.advmdshahalam.me/blog/second-marriage-wife-rights-bangladesh,0,7,0%,7
https://www.advmdshahalam.me/blog/wrongful-termination-labour-law-bangladesh,0,7,0%,7.14
https://www.advmdshahalam.me/bn/blog/54-dhara-grepthar-remand-rights-bangladesh,0,7,0%,7.43
https://www.advmdshahalam.me/blog/cyber-crime-laws-penalties-bangladesh-2026-guide,0,7,0%,7.71
https://www.advmdshahalam.me/blog/how-to-file-legal-notice-bangladesh,0,7,0%,8.43
https://www.advmdshahalam.me/blog/bail-bond-surety-rules-bangladesh,0,7,0%,11.86
https://www.advmdshahalam.me/blog/trademark-registration-bangladesh,0,7,0%,32.71
https://www.advmdshahalam.me/blog/rs-survey-bangladesh-complete-guide,0,6,0%,4.5
https://www.advmdshahalam.me/blog/partnership-business-law-bangladesh,0,6,0%,5.83
https://www.advmdshahalam.me/bn/blog/mithya-mamla-theke-mukti-bangladesh,0,6,0%,5.83
https://www.advmdshahalam.me/bn/blog/talak-dewa-niyom-bangladesh,0,6,0%,8.83
https://www.advmdshahalam.me/services/supreme-court-lawyer,0,6,0%,18
https://www.advmdshahalam.me/blog/police-remand-rights-bangladesh,0,6,0%,20.33
https://www.advmdshahalam.me/blog/narcotics-case-law-bangladesh,0,5,0%,3.8
https://www.advmdshahalam.me/blog/land-fraud-fake-document-case-bangladesh-2026,0,5,0%,6.2
https://www.advmdshahalam.me/bn/blog/dwiteya-bibaha-ain-stree-odhikar-bangladesh,0,5,0%,6.2
https://www.advmdshahalam.me/bn/blog/police-complaint-hoirani-ain-prokriya-bangladesh-2026,0,5,0%,6.4
https://www.advmdshahalam.me/services/land-lawyer,0,5,0%,17.6
https://www.advmdshahalam.me/services/company-corporate-lawyer,0,5,0%,27.8
https://www.advmdshahalam.me/services/tax-lawyer,0,5,0%,43.8
https://www.advmdshahalam.me/blog/domestic-violence-law-bangladesh,0,4,0%,1.75
https://www.advmdshahalam.me/blog/anticipatory-bail-bangladesh,0,4,0%,3
https://www.advmdshahalam.me/blog/nrb-overseas-divorce-bangladesh,0,4,0%,3
https://www.advmdshahalam.me/bn/blog/family-court-solenama-apos-mimangsha-bangladesh,0,4,0%,3.5
https://www.advmdshahalam.me/bn/blog/land-dispute-bangladesh-bn,0,4,0%,5.25
https://www.advmdshahalam.me/blog/vat-registration-return-bangladesh,0,4,0%,5.5
https://www.advmdshahalam.me/bn/blog/shram-ain-job-termination-gratuity-aday-bangladesh,0,4,0%,5.5
https://www.advmdshahalam.me/blog/muslim-divorce-law-bangladesh,0,4,0%,6
https://www.advmdshahalam.me/blog/uttara-dhaka-lawyer-legal-services-2026,0,4,0%,6.25
https://www.advmdshahalam.me/blog/mortgage-law-bangladesh,0,4,0%,6.5
https://www.advmdshahalam.me/blog/gd-vs-fir-bangladesh,0,4,0%,7.5
https://www.advmdshahalam.me/bn/blog/cyber-crime-abiyog-bangladesh,0,4,0%,8
https://www.advmdshahalam.me/blog/company-director-liability-bangladesh,0,4,0%,8.5
https://www.advmdshahalam.me/bn/blog/orthonitik-orthogitatai-ain-bangladesh,0,4,0%,9.5
https://www.advmdshahalam.me/blog/foreign-company-registration-bangladesh,0,4,0%,10.25
https://www.advmdshahalam.me/blog/child-custody-law-bangladesh-2026,0,4,0%,12.25
https://www.advmdshahalam.me/blog/succession-certificate-process-bangladesh,0,4,0%,13.75
https://www.advmdshahalam.me/bn/blog/jomi-niye-mamla-bangladesh,0,3,0%,1.33
https://www.advmdshahalam.me/bn/blog/divorce-mamla-dakhil-bangladesh,0,3,0%,3.33
https://www.advmdshahalam.me/bn/blog/mithya-yautuk-nari-nirjaton-mamla-protikar-bangladesh,0,3,0%,4.33
https://www.advmdshahalam.me/blog/land-survey-map-dag-mouza-bangladesh,0,3,0%,5.33
https://www.advmdshahalam.me/bn/blog/dlrms-bhumi-tathya-bangladesh-2026,0,3,0%,6
https://www.advmdshahalam.me/bn/blog/how-to-get-bail-bangladesh-2026-bn,0,3,0%,6
https://www.advmdshahalam.me/bn/blog/warrant-chara-grepthar-bangladesh-bn,0,3,0%,6
https://www.advmdshahalam.me/bn/contact,0,3,0%,6
https://www.advmdshahalam.me/bn/blog/divorce-por-stree-shishu-khorposh-ain-bangladesh,0,3,0%,6.33
https://www.advmdshahalam.me/bn/blog/karmosthale-hoirani-ain-bangladesh,0,3,0%,6.33
https://www.advmdshahalam.me/bn/blog/somopotti-batwara-ain-bangladesh,0,3,0%,16.33
https://www.advmdshahalam.me/bn/blog/cyber-crime-kivabe-report-korben-bangladesh-2026,0,3,0%,17
https://www.advmdshahalam.me/blog/passport-lost-stolen-expired-bangladesh,0,3,0%,25.67
https://www.advmdshahalam.me/bn/blog/court-marriage-bangladesh-2026-bn,0,2,0%,1
https://www.advmdshahalam.me/bn/blog/dwiteya-bibaha-ain-bangladesh,0,2,0%,1
https://www.advmdshahalam.me/blog/workplace-harassment-law-bangladesh,0,2,0%,4
https://www.advmdshahalam.me/bn/blog/shishu-hifazat-bangladesh-bn,0,2,0%,4.5
https://www.advmdshahalam.me/blog/deed-registration-process-cost-bangladesh,0,2,0%,5
https://www.advmdshahalam.me/blog/land-gov-bd-bhumi-seba-complete-guide-2026,0,2,0%,5.5
https://www.advmdshahalam.me/bn/blog/aini-notice-dakhil-bangladesh,0,2,0%,5.5
https://www.advmdshahalam.me/blog/injunction-procedure-bangladesh,0,2,0%,6
https://www.advmdshahalam.me/bn/blog/chukti-bhanga-aini-poqdokkep-bangladesh,0,2,0%,6
https://www.advmdshahalam.me/bn/blog/company-bandho-ainogobal-prokriya-bangladesh,0,2,0%,6
https://www.advmdshahalam.me/blog/digital-security-act-rights-defences-bangladesh,0,2,0%,7
https://www.advmdshahalam.me/blog/cheque-bounce-recovery-notice-procedure-section-138-ni-act,0,2,0%,8
https://www.advmdshahalam.me/blog/namjari-tracking-status-check-bangladesh-2026,0,2,0%,8.5
https://www.advmdshahalam.me/bn/blog/income-tax-case-procedure-bangladesh-bn,0,2,0%,9
https://www.advmdshahalam.me/services/criminal-lawyer,0,2,0%,18.5
https://www.advmdshahalam.me/blog/police-verification-certificate-bangladesh,0,2,0%,26.5
https://www.advmdshahalam.me/blog/family-property-partition-suit-bangladesh,0,2,0%,30
https://www.advmdshahalam.me/bn/blog/court-marriage-procedure-bangladesh-bn,0,2,0%,34
https://advmdshahalam.me/education,0,1,0%,1
https://advmdshahalam.me/blog/contract-breach-specific-performance-bangladesh,0,1,0%,2
https://www.advmdshahalam.me/blog/police-complaint-harassment-bangladesh,0,1,0%,2
https://www.advmdshahalam.me/bn/blog/fir-kivabe-korben-bangladesh,0,1,0%,2
https://www.advmdshahalam.me/blog/criminal-lawyer-bangladesh-guide-2026,0,1,0%,3
https://advmdshahalam.me/bn/blog/jomi-nibondhon-fees-prokriya-bangladesh,0,1,0%,4
https://www.advmdshahalam.me/blog/warrant-vs-summons-bangladesh,0,1,0%,4
https://www.advmdshahalam.me/bn/blog/mittha-mamla-theke-bachar-upay-bangladesh,0,1,0%,4
https://www.advmdshahalam.me/bn/blog/warant-samons-bivaad-bangladesh,0,1,0%,4
https://www.advmdshahalam.me/bn/blog/child-custody-law-bangladesh-bn,0,1,0%,5
https://www.advmdshahalam.me/bn/blog/haking-computer-aboidho-probesh-bangladesh,0,1,0%,5
https://www.advmdshahalam.me/bn/blog/khatian-check-online-bangladesh-2026,0,1,0%,5
https://www.advmdshahalam.me/education,0,1,0%,5
https://www.advmdshahalam.me/blog/bail-bond-meaning-rules-bangladesh,0,1,0%,6
https://www.advmdshahalam.me/blog/bail-refusal-appeal-bangladesh,0,1,0%,6
https://www.advmdshahalam.me/blog/bribery-corruption-case-bangladesh,0,1,0%,6
https://www.advmdshahalam.me/blog/divorce-lawyer-dhaka-how-to-choose,0,1,0%,6
https://www.advmdshahalam.me/blog/sexual-harassment-law-workplace-bangladesh,0,1,0%,6
https://www.advmdshahalam.me/bn/blog/cyber-blackmail-aini-pratikaar-bangladesh,0,1,0%,6
https://www.advmdshahalam.me/bn/blog/data-privacy-bangla-ain-bangladesh,0,1,0%,8
https://www.advmdshahalam.me/bn/blog/jomi-registration-bangladesh-bn,0,1,0%,8
https://www.advmdshahalam.me/bn/blog/nishedhagya-procedure-bangladesh,0,1,0%,8
https://www.advmdshahalam.me/blog/divorce-cost-bangladesh-2026-complete-guide,0,1,0%,9
https://www.advmdshahalam.me/bn/blog/bail-process-bangladesh-bn,0,1,0%,9
https://www.advmdshahalam.me/bn/blog/company-tin-nibondhon-bangladesh,0,1,0%,9
https://www.advmdshahalam.me/bn/blog/khulna-talak-bangladesh,0,1,0%,9
https://www.advmdshahalam.me/services/bail-lawyer,0,1,0%,10
https://www.advmdshahalam.me/bn/blog/artha-rin-adalat-rin-adai-bangladesh,0,1,0%,11
https://www.advmdshahalam.me/bn/blog/manhani-mamla-facebook-horani-protikar-bangladesh,0,1,0%,11
https://www.advmdshahalam.me/bn/blog/dsr-ain-bangladesh-odhikar,0,1,0%,14
https://www.advmdshahalam.me/bn/blog/divorce-process-bangladesh-bn,0,1,0%,87