Top queries,Clicks,Impressions,CTR,Position
namjari online check,3,59,5.08%,8.63
rs khatian online check,3,27,11.11%,7.22
বাবার সম্পত্তি বন্টন আইন বাংলাদেশ 2026,2,32,6.25%,3.12
online mutation check bd,2,29,6.9%,8.1
স্বামীকে ডিভোর্স দেওয়ার নিয়ম 2026,2,23,8.7%,7.78
cyber crime complaint online bangladesh,2,17,11.76%,4.76
বাবার সম্পত্তি বন্টন আইন বাংলাদেশ ২০২৬,2,4,50%,1.5
yes,2,3,66.67%,2
cyber crime in bangladesh help line,1,32,3.12%,5.91
rs khatian check online,1,5,20%,5.4
namjari khatian check,1,3,33.33%,1.67
বাংলাদেশের আইন অনুযায়ী বাবার সম্পত্তি ভাগের নিয়ম,1,3,33.33%,2.33
namjari khatian check online,1,3,33.33%,3
cybercrime gov bd,1,2,50%,1.5
cs khatian check online,1,2,50%,4
artharin adalat ain 2003,1,2,50%,7
how to file case in cyber crime online,1,1,100%,1
r.s khatian,1,1,100%,1
bangladesh cyber crime phone number,1,1,100%,2
e porsche bd,1,1,100%,4
স্ত্রী কর্তৃক তালাক নামা ফরম 2026,1,1,100%,4
cyber crime police helpline number,1,1,100%,5
check property,1,1,100%,7
জমি রেজিস্ট্রি খরচ কত 2026,0,45,0%,10.51
মায়ের সম্পত্তি ভাগের নিয়ম 2026,0,23,0%,4.7
namjari tracking,0,22,0%,6.45
নামজারি খতিয়ান চেক,0,22,0%,10.32
বাবার সম্পত্তি ভাগের নিয়ম,0,20,0%,9.6
namjari check,0,18,0%,5.61
bangladesh land record online,0,17,0%,5.06
e mutation tracking online,0,17,0%,8
rs khatian check,0,16,0%,7.5
namjari online check app,0,15,0%,10.4
কোর্ট ম্যারেজ এর খরচ কত 2026,0,13,0%,4.62
flat buying checklist bangladesh,0,13,0%,8.31
things to check before buying flat in bangladesh,0,12,0%,13.33
protopic land record,0,11,0%,6
how to buy apartment in bangladesh,0,11,0%,25.73
land registration fee,0,10,0%,6
land registration fee in bangladesh 2026,0,9,0%,4.44
bangladesh land record online free,0,8,0%,2.62
e namjari,0,8,0%,4
হেবা বিল এওয়াজ দলিল কি,0,8,0%,8
writ petition meaning in bengali,0,8,0%,8.75
mutation check,0,8,0%,8.88
apartment buying guide bangladesh,0,8,0%,23.88
online mutation check bd by name,0,7,0%,5.57
cid helpline number,0,7,0%,6
www.cybercrime.gov bd,0,7,0%,6.29
mutation check online,0,7,0%,6.86
mutation tracking,0,7,0%,7.14
cyber police centre cid bangladesh police,0,7,0%,7.71
bangladesh khatian and plot information,0,7,0%,7.86
cyber@police.gov.bd,0,7,0%,9.14
khatian check,0,7,0%,9.14
বাটোয়ারা মামলা খরচ,0,6,0%,5.33
cybercrime.gov.bd,0,6,0%,5.5
nam jari check,0,6,0%,6.33
mutation application tracking,0,6,0%,6.5
namjari online,0,6,0%,6.5
রিট পিটিশন কি,0,6,0%,6.67
rs khatian check by name,0,6,0%,6.83
namjari in english,0,6,0%,7.33
ফৌজদারি মামলায় জামিন নিতে কত টাকা লাগে,0,6,0%,9
rs khatian,0,6,0%,10.33
খাস জমি চেনার উপায়,0,5,0%,6
হেবা বিল এওয়াজ দলিলের খরচ,0,5,0%,8.4
namjari online check login,0,5,0%,8.8
পিটিশন কি,0,5,0%,11
apartment registration cost in bangladesh,0,5,0%,28.4
cid office dhaka address,0,4,0%,1
heba,0,4,0%,4.75
কোর্ট ম্যারেজ এর কাগজ,0,4,0%,5.25
cyber crime helpline,0,4,0%,6.25
মিথ্যা নারী নির্যাতন মামলা থেকে বাচার উপায়,0,4,0%,6.25
ফৌজদারি আপিল কত ধারায়,0,4,0%,6.5
cyber crime helpline number,0,4,0%,6.75
mutation status check,0,4,0%,6.75
rs khatian online check login,0,4,0%,7.25
mutation application check,0,4,0%,7.75
জায়গা রেজিস্ট্রি খরচ ২০২৬,0,4,0%,8
জামিন পাওয়ার পর কখন জামিন নাকচ হতে পারে,0,4,0%,8.25
অপ্রত্যাহারযোগ্য পাওয়ার অব অ্যাটর্নি বাতিল করার নিয়ম,0,4,0%,9
বাবার মৃত্যুর পর সম্পত্তি ভাগের নিয়ম,0,4,0%,9
rs record in bangladesh,0,4,0%,9.75
bangladesh police whatsapp number,0,4,0%,10
নামজারি খতিয়ান চেক করার নিয়ম,0,4,0%,10
www.saibar crime.gov.bd,0,3,0%,3
bangladesh cyber crime complaint,0,3,0%,5
bangladesh hindu adoption law adopted son inheritance bangladesh,0,3,0%,5
চেক ডিজঅনার মামলার নতুন নিয়ম ২০২৬,0,3,0%,5
তালাকনামা,0,3,0%,5.67
e namjari check online,0,3,0%,6
সরকারি খাস জমি চেনার উপায়,0,3,0%,6
jomi registration fee bangladesh 2026,0,3,0%,6.33
বাংলাদেশ সাইবার ক্রাইম হেল্পলাইন নম্বর,0,3,0%,6.33
বিবাহ তালাক নামা,0,3,0%,6.67
www cybercrime gov in bangladesh,0,3,0%,7
মায়ের জমি ভাগের নিয়ম,0,3,0%,7
bd cyber crime,0,3,0%,7.67
cid bangladesh,0,3,0%,7.67
কোর্ট ম্যারেজ করতে কত টাকা খরচ হয়,0,3,0%,7.67
জমি রেজিস্ট্রি খরচ 2026 গেজেট,0,3,0%,7.67
নামজারি আবেদন ট্রাকিং,0,3,0%,7.67
cyber crime bangladesh,0,3,0%,8
hindu succession act 1956 bangladesh applies?,0,3,0%,8
বাবার সম্পত্তি ভাগের নিয়ম ছেলে মেয়ে,0,3,0%,8
bangladesh cyber crime number,0,3,0%,8.33
court marriage in bangladesh,0,3,0%,8.67
khas land meaning,0,3,0%,8.67
138 ধারা কি,0,3,0%,9
বাংলাদেশের আইন অনুযায়ী মায়ের সম্পত্তি বন্টন,0,3,0%,9
রিট পিটিশন,0,3,0%,9
পাওনা টাকা আদায়ের মামলা,0,3,0%,9.33
বাবার জমি বন্টন,0,3,0%,9.33
হাইকোর্ট থেকে আগাম জামিন নিতে কত টাকা লাগে,0,3,0%,9.33
eporcha,0,3,0%,9.67
mutation case status check,0,3,0%,9.67
rs khatian download,0,3,0%,9.67
বাংলাদেশের কোথায় রিমান্ড হোম অবস্থিত,0,3,0%,9.67
পুলিশের বিরুদ্ধে অভিযোগ করার নিয়ম,0,3,0%,10
মাদক মামলার সর্বোচ্চ শাস্তি কি,0,3,0%,10
নাবালকের সম্পত্তি বিক্রয় আইন,0,3,0%,10.33
সাইবার ক্রাইম বাংলাদেশ পুলিশ,0,3,0%,11
হেবা বিল এওয়াজ দলিল,0,3,0%,12.33
divorce law in bangladesh in bangla,0,3,0%,19.33
divorce law in bangladesh,0,3,0%,63
stay order,0,2,0%,1
court marriage cost in bangladesh 2026,0,2,0%,2
namjari check bd,0,2,0%,2
মায়ের সম্পত্তি বন্টন আইন বাংলাদেশ ২০২৬,0,2,0%,2.5
porcha check,0,2,0%,3
মাদক মামলার জামিন,0,2,0%,3
cyber crime helpline number bangladesh,0,2,0%,3.5
cyber security contact number,0,2,0%,3.5
e mutation login,0,2,0%,4
flat registration fee in bangladesh 2026,0,2,0%,4.5
namjari,0,2,0%,4.5
cyber crime complaint center,0,2,0%,5
mutation application status,0,2,0%,5
criminal appeal,0,2,0%,5.5
mutation online status,0,2,0%,5.5
অনলাইন প্রতারণা মামলা করার নিয়ম,0,2,0%,5.5
পারিবারিক আদালত আইন ২০২৬,0,2,0%,5.5
বাবার সম্পত্তি ভাগের নিয়ম 2026,0,2,0%,5.5
artha rin adalat ain 2003,0,2,0%,6
"bangladesh hindu inheritance law adopted son widow daughter mother father 
brother sister",0,2,0%,6
khas land,0,2,0%,6
land record bangladesh by name,0,2,0%,6
mutation status check online,0,2,0%,6
mutation track,0,2,0%,6
usufructuary mortgage meaning in bengali,0,2,0%,6
নামজারি ট্রাকিং,0,2,0%,6
বাটোয়ারা মামলার কোর্ট ফি কত,0,2,0%,6
হেবা বিল এওয়াজ দলিল কি বাতিল করা যায়,0,2,0%,6
বাংলাদেশের আইন অনুযায়ী মায়ের সম্পত্তি ভাগের নিয়ম,0,2,0%,6.5
bangladesh police gd copy,0,2,0%,7
cort married documents,0,2,0%,7
cyber crime bangladesh helpline,0,2,0%,7
cyber crime complaint,0,2,0%,7
e namjari online check,0,2,0%,7
family court marriage,0,2,0%,7
how to report cyber crime in bangladesh,0,2,0%,7
cid cyber crime complaint bangladesh,0,2,0%,7.5
land registration fee calculator,0,2,0%,7.5
bangladesh hindu adoption law adopted son inheritance rights bangladesh,0,2,0%,8
www.server crime.bd,0,2,0%,8
পাওয়ার অব অ্যাটর্নি বাতিল করার নিয়ম,0,2,0%,8
রিভিউ ও রিভিশনের পার্থক্য,0,2,0%,8
হ্যাঁ,0,2,0%,8
cyber crime dhaka,0,2,0%,8.5
flat registration fee calculator bangladesh,0,2,0%,8.5
gd police,0,2,0%,8.5
টাকা প্রতারণা মামলা করার নিয়ম,0,2,0%,8.5
মায়ের সম্পত্তি ভাগের ইসলামিক নিয়ম,0,2,0%,8.5
মায়ের সম্পত্তি ভাগের নিয়ম,0,2,0%,8.5
সাইবার ক্রাইম অভিযোগ অনলাইন,0,2,0%,8.5
হেবা বিল এওয়াজ দলিল বাতিল করার নিয়ম,0,2,0%,8.5
babar sompotti bonton in bengali,0,2,0%,9
btrc hotline number 24 hours,0,2,0%,9
khatian check online,0,2,0%,9
land,0,2,0%,9
land record bangladesh,0,2,0%,9
নাবালকের সম্পত্তি কেউ বিক্রি করলে সে কত দিনের মধ্যে মামলা করতে পারবে,0,2,0%,9
বাবার সম্পদ বন্টন,0,2,0%,9
babar sompotti vag,0,2,0%,9.5
cyber crime office dhaka,0,2,0%,9.5
facebook cyber crime helpline bangladesh whatsapp number,0,2,0%,9.5
gd thana,0,2,0%,9.5
জীবিত মায়ের সম্পত্তি ভাগের নিয়ম,0,2,0%,9.5
তালাক নামা,0,2,0%,9.5
নাবালকের জমি বিক্রয় আইন,0,2,0%,9.5
বাপের সম্পত্তি ভাগ,0,2,0%,9.5
is polygamy legal in bangladesh,0,2,0%,10
online khatian,0,2,0%,10
registration cost of land in bangladesh,0,2,0%,10
survey khatian,0,2,0%,10
বাবার সম্পত্তি বন্টন,0,2,0%,10
bangladesh cyber crime,0,2,0%,10.5
এওয়াজ দলিল বাতিল করার নিয়ম,0,2,0%,10.5
খাস খতিয়ান বের করার নিয়ম,0,2,0%,10.5
bangladesh land record,0,2,0%,11.5
বাংলাদেশ সাইবার ক্রাইম হেল্পলাইন,0,2,0%,11.5
succession certificate bangladesh,0,2,0%,17.5
bangladesh inheritance law,0,2,0%,23.5
family lawyer in bangladesh,0,2,0%,30.5
থানায় অভিযোগ করার নিয়ম,0,2,0%,32.5
divorce lawyer in bangladesh,0,2,0%,53.5
affidavit in bangladesh,0,1,0%,1
bangladesh khatian check online,0,1,0%,1
child adoption in bangladesh,0,1,0%,1
child custody after divorce in bangladesh,0,1,0%,1
contact details,0,1,0%,1
court marriage rules in bangladesh,0,1,0%,1
cs khatian,0,1,0%,1
cs khatian check,0,1,0%,1
cyber crime chittagong,0,1,0%,1
cyber fraud complaint number,0,1,0%,1
cyber office near me,0,1,0%,1
deed search by plot number,0,1,0%,1
divorce papers price,0,1,0%,1
dlrms full form,0,1,0%,1
emergency cyber crime number,0,1,0%,1
how to get land documents online,0,1,0%,1
rs dag number,0,1,0%,1
rs khatian bangladesh,0,1,0%,1
rs record year in bangladesh,0,1,0%,1
rs sa,0,1,0%,1
sub registrar fees,0,1,0%,1
successful rate,0,1,0%,1
succession certificate,0,1,0%,1
warishan,0,1,0%,1
what is heba,0,1,0%,1
what is rs khatian,0,1,0%,1
অর্থ ঋণ আদালত আইন ২০০৩ ১২ ৩ ধারা,0,1,0%,1
কত টাকা খরচ হবে,0,1,0%,1
তালাক দেওয়ার নিয়ম,0,1,0%,1
দানপত্র দলিলের খরচ,0,1,0%,1
পিতার সম্পত্তিতে কন্যার অধিকার,0,1,0%,1
ফি,0,1,0%,1
সিআইডি হেডকোয়ার্টার,0,1,0%,1
হুম চাচ্ছি,0,1,0%,1
হোয়াটসঅ্যাপ,0,1,0%,1
advocate chamber,0,1,0%,2
answer the question,0,1,0%,2
bangladesh,0,1,0%,2
bangladesh saibar crime.gov.bd,0,1,0%,2
can a sister be a legal guardian,0,1,0%,2
cid headquarters,0,1,0%,2
cid headquarters dhaka,0,1,0%,2
cyber crime complaint online,0,1,0%,2
cyber crime gov bd,0,1,0%,2
cybercrime. gov. bd,0,1,0%,2
e namjari bd,0,1,0%,2
hindu,0,1,0%,2
namjari bd,0,1,0%,2
online jomi check,0,1,0%,2
rs porcha full form,0,1,0%,2
siddhirgonj,0,1,0%,2
talak nama,0,1,0%,2
what is rs porcha,0,1,0%,2
www.sarver crime.gov.bd,0,1,0%,2
ইউনিয়ন,0,1,0%,2
কেরানীগঞ্জ উপজেলা,0,1,0%,2
গ্রাম,0,1,0%,2
বাবার সম্পত্তি বন্টন আইন বাংলাদেশ,0,1,0%,2
calculate land registration fees,0,1,0%,3
cid office malibagh,0,1,0%,3
cyber crime bangladesh complaint,0,1,0%,3
cyber crime. gov. com,0,1,0%,3
dolil online,0,1,0%,3
gd,0,1,0%,3
gift tax laws 2026,0,1,0%,3
namjari check bd online,0,1,0%,3
tap to search,0,1,0%,3
yes for marriage,0,1,0%,3
জিরাবো,0,1,0%,3
বাংলাদেশের আইন অনুযায়ী বাবার সম্পত্তি বন্টন,0,1,0%,3
রাজশাহী,0,1,0%,3
bangladesh cyber crime whatsapp number,0,1,0%,4
bangladesh land registration fee,0,1,0%,4
court marriage age boy and girl 2026,0,1,0%,4
criminal appeal in high court,0,1,0%,4
cyber police gov bd,0,1,0%,4
for scam,0,1,0%,4
guardianship law in bangladesh,0,1,0%,4
land advocate contact number,0,1,0%,4
land records,0,1,0%,4
legal guardian example,0,1,0%,4
mutation verification online,0,1,0%,4
online porcha bd,0,1,0%,4
solenama decree,0,1,0%,4
www.cibercrime gov.in,0,1,0%,4
y,0,1,0%,4
অর্থ ঋণ আদালত আইন ২০২৩,0,1,0%,4
হেবা বিল এওয়াজ কি বাতিল করা যায়,0,1,0%,4
affidavit bangla,0,1,0%,5
"bangladesh hindu inheritance law widow unmarried daughter adopted son 
mother father brother sister dayabhaga",0,1,0%,5
bangladesh hindu succession act 1956 not applicable bangladesh source,0,1,0%,5
check mutation status online,0,1,0%,5
cid bangladesh helpline number,0,1,0%,5
contact detailes,0,1,0%,5
eporcha gov bd,0,1,0%,5
how can i complain in cyber crime,0,1,0%,5
how to file a gd in police station,0,1,0%,5
land registry registration fee calculator,0,1,0%,5
mutation status,0,1,0%,5
namjari application tracking,0,1,0%,5
porcha apply online,0,1,0%,5
"raleigh, nc usa",0,1,0%,5
stay order of high court,0,1,0%,5
কোট মেরেজ করতে কি কি কাগজপত্র লাগে,0,1,0%,5
দখল পুনরুদ্ধার মামলা,0,1,0%,5
bail bond,0,1,0%,6
"bangladesh hindu inheritance law widow daughter adopted son mother father 
brother sister share dayabhaga",0,1,0%,6
"bangladesh hindu inheritance law widow unmarried daughter adopted son 
mother father brother sister rights",0,1,0%,6
"bangladesh hindu inheritance law widow unmarried daughter adopted son 
mother father brother sister share dayabhaga",0,1,0%,6
"bangladesh hindu inheritance law widow unmarried daughter adopted son 
mother father rights",0,1,0%,6
consumer court complaint,0,1,0%,6
cyber crime complaint number tracking,0,1,0%,6
cyber crime helpline bd,0,1,0%,6
cyber security helpline number,0,1,0%,6
gd bd police,0,1,0%,6
know your property,0,1,0%,6
land case,0,1,0%,6
land registration fee 2026,0,1,0%,6
mutation application status check online,0,1,0%,6
rectification deed charges,0,1,0%,6
supreme court advocate,0,1,0%,6
writ petition in bangladesh,0,1,0%,6
writ petition in high court,0,1,0%,6
কোট ম্যারেজ কাগজ,0,1,0%,6
কোর্ট ম্যারেজ করতে কি কি কাগজ লাগে,0,1,0%,6
খোরপোশ,0,1,0%,6
চাকরিচ্যুত করার নোটিশ,0,1,0%,6
জমি রেকর্ড করার খরচ ২০২৬,0,1,0%,6
তাদের নাম্বার,0,1,0%,6
মামলা তুলতে কত টাকা লাগে,0,1,0%,6
"bangladesh hindu inheritance law widow daughter adopted son mother father 
brother sister dayabhaga",0,1,0%,7
bangladesh hindu law adoption inheritance official,0,1,0%,7
bangladesh hindu succession act 1956 applicable?,0,1,0%,7
cyber crime number,0,1,0%,7
cyber crime police number,0,1,0%,7
faridpur,0,1,0%,7
flat registration fee in dhaka 2026,0,1,0%,7
general diary bangladesh,0,1,0%,7
heba.,0,1,0%,7
how much will this cost,0,1,0%,7
land registration fees,0,1,0%,7
mouza map bd,0,1,0%,7
mutation search online,0,1,0%,7
namjari land,0,1,0%,7
process of legal guardianship,0,1,0%,7
saivar crime number,0,1,0%,7
she,0,1,0%,7
www e porcha gov bd,0,1,0%,7
zameen registration,0,1,0%,7
খাস জমি বন্দোবস্ত প্রক্রিয়া,0,1,0%,7
পাওয়ার অফ অ্যাটর্নি বাতিল করার নিয়ম,0,1,0%,7
বাটোয়ারা দলিলের খরচ,0,1,0%,7
হাইকোর্ট রিট পিটিশন,0,1,0%,7
হাইকোর্টে রিট করার নিয়ম,0,1,0%,7
bangladesh adopted son hindu inheritance law,0,1,0%,8
bangladesh hindu adoption law adopted son inheritance rights,0,1,0%,8
"bangladesh hindu inheritance law dayabhaga widow daughter adopted son 
mother father rights",0,1,0%,8
"bangladesh hindu inheritance law widow daughter adopted son mother father 
brother sister rights official",0,1,0%,8
"bangladesh hindu inheritance law widow daughter adopted son rights mother 
father brother sister",0,1,0%,8
"bangladesh hindu law inheritance adopted son widow daughter mother father 
brother sister",0,1,0%,8
bangladesh muslim law married woman second marriage void batil,0,1,0%,8
cort married certificate,0,1,0%,8
cyber crime bd,0,1,0%,8
cyber crime in bangladesh,0,1,0%,8
dhaka cyber crime office,0,1,0%,8
e mutation application,0,1,0%,8
how to get porcha,0,1,0%,8
lawyer uttara,0,1,0%,8
ni act notice period,0,1,0%,8
online cyber crime complaint,0,1,0%,8
online mutation check,0,1,0%,8
police station gd application,0,1,0%,8
references?,0,1,0%,8
report cyber crime online,0,1,0%,8
why not free?,0,1,0%,8
জমি রেজিস্ট্রি ফি ২০২৬,0,1,0%,8
নতুন ভূমি আইন ২০২৬,0,1,0%,8
বাবার সম্পত্তিতে ছেলে মেয়ের অধিকার,0,1,0%,8
মাদক মামলা,0,1,0%,8
হ্যা।,0,1,0%,8
১৩৮ ধারা,0,1,0%,8
138 ধারা মামলা কি,0,1,0%,9
bangladesh hindu adoption law adopted son inheritance bangladesh official,0,1,0%,9
"bangladesh hindu inheritance law widow daughter adopted son mother father 
brother sister official",0,1,0%,9
bangladesh hindu law adopted son inheritance dayabhaga official,0,1,0%,9
bangladesh police hotline number,0,1,0%,9
bs khatian check online,0,1,0%,9
cid cyber crime bangladesh,0,1,0%,9
consumer rights complaints,0,1,0%,9
cyber crime investigation division bangladesh police,0,1,0%,9
cyber help,0,1,0%,9
cyber security helpline bd,0,1,0%,9
e namjari check,0,1,0%,9
etinbd,0,1,0%,9
heba bil awaj,0,1,0%,9
jomi namjari online check,0,1,0%,9
land fee,0,1,0%,9
mutation case number check,0,1,0%,9
online gd helpline,0,1,0%,9
registry fee calculator,0,1,0%,9
where,0,1,0%,9
এওয়াজ দলিল কি বাতিল করা যায়,0,1,0%,9
কোট ম্যারেজ খরচ কত,0,1,0%,9
জমি রেজিষ্ট্রেশন খরচ ২০২৬,0,1,0%,9
জমি রেজিস্ট্রেশন খরচ ২০২৬,0,1,0%,9
জমি রেজিস্ট্রেশন ফি ২০২৬,0,1,0%,9
ট্রেডমার্ক রেজিস্ট্রেশন দেওয়া হয় কত বছরের জন্য,0,1,0%,9
তালাক নামা লেখার নিয়ম,0,1,0%,9
নাবালকের সম্পত্তি আদালতের অনুমতি ছাড়া বিক্রি করলে করণীয়,0,1,0%,9
ফ্ল্যাট রেজিস্ট্রেশন ফি ২০২৬,0,1,0%,9
বাংলাদেশে তালাক প্রক্রিয়া,0,1,0%,9
বাংলাদেশের আইনে মায়ের সম্পত্তি ভাগের নিয়ম,0,1,0%,9
বাংলাদেশের জমি রেজিস্ট্রেশন ফি,0,1,0%,9
বেল এওয়াজ হেবা দলিল কি,0,1,0%,9
মাদক মামলার শাস্তি,0,1,0%,9
সাইবার ক্রাইম অভিযোগ নাম্বার,0,1,0%,9
হাইকোর্ট থেকে জামিন নিতে কত টাকা লাগে,0,1,0%,9
হেবা বিল এওয়াজ দলিল কাকে করা যায়,0,1,0%,9
bangladesh hindu law adopted son inheritance official,0,1,0%,10
"bangladesh muslim family laws ordinance 1961 second marriage permission 
arbitration council penalty section 6",0,1,0%,10
bangladesh police general diary gd official,0,1,0%,10
bangladesh special marriage act parental consent adult,0,1,0%,10
court marriage process in bangladesh,0,1,0%,10
cyber crime report bangladesh,0,1,0%,10
facebook cyber crime helpline bangladesh,0,1,0%,10
gd bangladesh police,0,1,0%,10
gd from police station,0,1,0%,10
land sale,0,1,0%,10
malibagh cid office address,0,1,0%,10
online application for mutation,0,1,0%,10
original divorce paper in bangladesh,0,1,0%,10
police cyber crime,0,1,0%,10
police gd,0,1,0%,10
registry fee for land,0,1,0%,10
অনলাইনে প্রতারণা মামলা,0,1,0%,10
কোর্ট ম্যারেজ কাগজ,0,1,0%,10
ছেলের সম্পত্তিতে বাবার অধিকার,0,1,0%,10
পৌরসভার জমি রেজিস্ট্রি খরচ ২০২৬,0,1,0%,10
বাটোয়ারা দলিল কি,0,1,0%,10
বাবার সম্পত্তি বন্টন আইন বাংলাদেশ 2025,0,1,0%,10
বাবার সম্পত্তি ভাগের নিয়ম ছেলে না থাকলে,0,1,0%,10
মার সম্পত্তি ভাগের নিয়ম,0,1,0%,10
সাইবার ক্রাইম নাম্বার,0,1,0%,10
হেবা বিল এওয়াজের সুবিধা,0,1,0%,10
হেবাবিল এওয়াজ দলিল কি,0,1,0%,10
561a,0,1,0%,11
bangladesh 'final report' 'untraced' accused,0,1,0%,11
"bangladesh hindu inheritance law widow daughter adopted son mother father 
brother sister rights",0,1,0%,11
bangladesh hindu law adopted son inheritance,0,1,0%,11
bhoomi dispute cases,0,1,0%,11
cote marriage,0,1,0%,11
cyber crime department bangladesh,0,1,0%,11
cyber mamla,0,1,0%,11
is polygamy allowed in bangladesh,0,1,0%,11
online harassment complaint,0,1,0%,11
r s khatian,0,1,0%,11
saiver crime.gov.in,0,1,0%,11
what is land porcha,0,1,0%,11
জমি রেজিস্ট্রি খরচ ২০২৬,0,1,0%,11
জামিন করতে কত টাকা লাগে,0,1,0%,11
পুলিশ হেডকোয়ার্টার্স অভিযোগ করার নিয়ম,0,1,0%,11
প্রহিবিশন রিট কি,0,1,0%,11
বাটোয়ারা দলিল,0,1,0%,11
সম্পত্তি বন্টন আইন বাংলাদেশ,0,1,0%,11
সরকারি খাস জমি বন্দোবস্ত পাওয়ার নিয়ম,0,1,0%,11
সাকসেশন সার্টিফিকেট এর নমুনা,0,1,0%,11
cheque dishonour case in bangladesh,0,1,0%,12
cyber crime bangladesh location,0,1,0%,12
cyber police bangladesh,0,1,0%,12
divorce lawyer dhaka,0,1,0%,12
namjari meaning,0,1,0%,12
section 138 of negotiable instrument act in bangladesh,0,1,0%,12
নাবালকের সম্পত্তি বিক্রির নিয়ম কি,0,1,0%,12
পিটিশন মামলা কি,0,1,0%,12
মানি সুট মামলা কি,0,1,0%,12
cyber crime online fraud complaint,0,1,0%,13
divorce procedure in bangladesh,0,1,0%,13
bangladesh polygamy,0,1,0%,14
nepali divorce lawyer near me,0,1,0%,14
section 138 ni act timeline,0,1,0%,15
নামজারি আবেদন চেক সব শেষ অবস্থা,0,1,0%,16
999 helpline bangladesh,0,1,0%,17
eporcha app,0,1,0%,17
how do i get land registry documents,0,1,0%,17
please detail,0,1,0%,17
polygamy in bangladesh,0,1,0%,17
procedure for trademark registration in bangladesh,0,1,0%,17
supreme court lawyer in bangladesh,0,1,0%,17
succession certificate meaning in bengali,0,1,0%,20
where can i get police report,0,1,0%,21
artha rin adalat,0,1,0%,22
what is required for court marriage,0,1,0%,22
corporate lawyer in bangladesh,0,1,0%,24
land registration regulations 2017,0,1,0%,24
concumer rights,0,1,0%,25
costumer rights,0,1,0%,26
general diary police,0,1,0%,27
how to check bangladesh trademarks,0,1,0%,28
bangladesh trademark attorney,0,1,0%,29
khas possession meaning,0,1,0%,29
cyber report kaise kare,0,1,0%,31
money loan court act 2003,0,1,0%,32
crime branch customer care number,0,1,0%,33
scyber crime,0,1,0%,33
can prosecution appeal an acquittal,0,1,0%,34
divorce lawyer bangladesh,0,1,0%,34
look up a deed online,0,1,0%,34
cyber crime number check,0,1,0%,35
check bandi,0,1,0%,36
how to report cyber crimes,0,1,0%,36
muslim marriage law in bangladesh,0,1,0%,36
what is required for marriage registration,0,1,0%,39
রহিত করা মানে কি,0,1,0%,39
digital security act 2018 bangladesh,0,1,0%,40
hindu divorce law in bangladesh,0,1,0%,40
complaint in cyber cell,0,1,0%,43
digital security act bangladesh,0,1,0%,43
tax lawyer in bangladesh,0,1,0%,44
public records for house,0,1,0%,45
filing a writ,0,1,0%,46
tax return dispute,0,1,0%,46
where can i report a cyber crime,0,1,0%,46
best income tax lawyer in bangladesh,0,1,0%,49
divorce is filed in which court,0,1,0%,49
where to report internet fraud,0,1,0%,49
https://mutation.land.gov.bd,0,1,0%,50
ilao divorce,0,1,0%,50
best income tax lawyers in dhaka,0,1,0%,54
trademark registration online,0,1,0%,55
family law,0,1,0%,61
best income tax lawyer dhaka,0,1,0%,68
company law solicitors,0,1,0%,69